{"cameraMode":{"drawMode":2,"name":"Shaded Wireframe","section":"Shading Mode"},"sceneLighting":true,"audioPlay":false,"sceneViewState":{"m_AlwaysRefresh":false,"showFog":true,"showSkybox":true,"showFlares":true,"showImageEffects":true,"showParticleSystems":true,"showVisualEffectGraphs":true,"m_FxEnabled":true},"in2DMode":false,"pivot":{"x":278.9558410644531,"y":207.1602325439453,"z":-39.93645477294922},"rotation":{"x":0.0578732006251812,"y":-0.012596774846315384,"z":0.00033659825567156076,"w":0.9983640909194946},"size":169.43385314941407,"orthographic":false}