{"cameraMode":{"drawMode":2,"name":"Shaded Wireframe","section":"Shading Mode"},"sceneLighting":true,"audioPlay":false,"sceneViewState":{"m_AlwaysRefresh":false,"showFog":true,"showSkybox":true,"showFlares":true,"showImageEffects":true,"showParticleSystems":true,"showVisualEffectGraphs":true,"m_FxEnabled":true},"in2DMode":false,"pivot":{"x":410.58074951171877,"y":13.663851737976075,"z":324.71820068359377},"rotation":{"x":-0.18108655512332917,"y":0.29827502369880679,"z":-0.05735979229211807,"w":-0.9355190992355347},"size":0.22973258793354035,"orthographic":false}