{"cameraMode":{"drawMode":0,"name":"Shaded","section":"Shading Mode"},"sceneLighting":true,"audioPlay":false,"sceneViewState":{"m_AlwaysRefresh":false,"showFog":true,"showSkybox":true,"showFlares":true,"showImageEffects":true,"showParticleSystems":true,"showVisualEffectGraphs":true,"m_FxEnabled":true},"in2DMode":false,"pivot":{"x":409.4523010253906,"y":18.701549530029298,"z":369.8375549316406},"rotation":{"x":-0.20489853620529176,"y":0.07722422480583191,"z":-0.016213295981287957,"w":-0.9756675362586975},"size":12.719111442565918,"orthographic":true}